title,link,price,page
"HP Chromebook 14-inch HD Laptop, Intel Celeron N4000, 4 GB RAM, 32 GB eMMC, Chrome (14a-na0010nr, Mineral Silver)",/HP-Chromebook-14-inch-Celeron-14a-na0010nr/dp/B08529TZMC/ref=sr_1_1?dchild=1&keywords=laptop&qid=1619714994&sr=8-1,,amazon
"ASUS VivoBook 15 F515 Thin and Light Laptop, 15.6” FHD Display, Intel Core i3-1005G1 Processor, 4GB DDR4 RAM, 128GB PCIe SSD, Fingerprint Reader, Windows 10 Home in S Mode, Slate Grey, F515JA-AH31",/ASUS-i3-1005G1-Processor-Fingerprint-F515JA-AH31/dp/B08H4YTTLP/ref=sr_1_2?dchild=1&keywords=laptop&qid=1619714994&sr=8-2,424,amazon
"ASUS VivoBook 17.3"" FHD IPS LED Backlight Premium Laptop | AMD Ryzen3 3250U | 8GB DDR4 RAM | 256GB SSD | USB Type-C | WiFi | HDMI | Windows 10",/ASUS-VivoBook-Backlight-Premium-Windows/dp/B08V1NQ8S9/ref=sr_1_3?dchild=1&keywords=laptop&qid=1619714994&sr=8-3,,amazon
Dell Inspiron 3583 15” Laptop Intel Celeron – 128GB SSD – 4GB DDR4 – 1.6GHz - Intel UHD Graphics 610 - Windows 10 Home - Inspiron 15 3000 Series - New,/Dell-Inspiron-3583-Laptop-Celeron/dp/B08HSNRFTX/ref=sr_1_4?dchild=1&keywords=laptop&qid=1619714994&sr=8-4,,amazon
Microsoft Surface Laptop 4 15” Touch-Screen – Intel Core i7 – 16GB - 512GB Solid State Drive (Latest Model) - Platinum,/Microsoft-Surface-Touch-Screen-Intel-Core-i7-Platinum/dp/B08YWQJ5XS/ref=sr_1_5?dchild=1&keywords=laptop&qid=1619714994&sr=8-5,1799,amazon
"Dell Inspiron 15 5502 Thin & Light Laptop, 15.6 inch FHD - Intel Core i7-1165G7, 8GB 3200MHz DDR4 RAM, 512GB SSD, NVIDIA GeForce MX330 2GB GDDR5, Windows 10 Home - Platinum Silver (Latest Model)",/Dell-Inspiron-5502-Light-Laptop/dp/B08MVFT3RT/ref=sr_1_6?dchild=1&keywords=laptop&qid=1619714994&sr=8-6,980,amazon
"HP Chromebook 11-inch Laptop - Up to 15 Hour Battery Life - MediaTek - MT8183 - 4 GB RAM - 32 GB eMMC Storage - 11.6-inch HD Display - with Chrome OS - (11a-na0021nr, 2020 Model, Snow White)",/HP-Chromebook-11-inch-Laptop-11a-na0021nr/dp/B08H6YZY3Y/ref=sr_1_7?dchild=1&keywords=laptop&qid=1619714994&sr=8-7,,amazon
"2020 HP 17.3"" HD+ Premium Laptop Computer, AMD Ryzen 5 3500U Quad-Core Up to 3.7GHz, 12GB DDR4 RAM, 256GB SSD, DVDRW, AMD Radeon Vega 8, 802.11ac WiFi, Bluetooth 4.2, USB 3.1, HDMI, Black, Windows 10",/HP-Computer-Quad-Core-802-11ac-Bluetooth/dp/B082NZX92C/ref=sr_1_8?dchild=1&keywords=laptop&qid=1619714994&sr=8-8,699,amazon
ASUS ROG Strix G 17.3 FHD High Performance Gaming Laptop | Intel Six Core i7-9750H | 16GB RAM | 1TB SSD | NVIDIA GTX 1650 | Backlit Keyboard | Windows 10,/ASUS-Performance-i7-9750H-Backlit-Keyboard/dp/B089Y7WMXK/ref=sr_1_9?dchild=1&keywords=laptop&qid=1619714994&sr=8-9,,amazon
"2021 Newest Dell Inspiron 3000 Laptop, 15.6 HD LED-Backlit Display, Intel Celeron Processor N4020, 8GB DDR4 RAM, 128GB PCIe SSD + 1TB HDD, Online Meeting Ready, Webcam, WiFi, HDMI, Win10 Home, Black",/Dell-Inspiron-LED-Backlit-Display-Processor/dp/B08X19FC17/ref=sr_1_10?dchild=1&keywords=laptop&qid=1619714994&sr=8-10,489,amazon
"GIGABYTE AERO 15 OLED YC - 15.6"" - Intel Core i9-10980HK - NVIDIA GeForce RTX 3080 8 GB GDDR6 - 64 GB RAM - 2TB SSD - Win10 Pro - Creator & Gaming Laptop (AERO 15 OLED YC-9US5760SP)",/GIGABYTE-AERO-15-OLED-YC-9US5760SP/dp/B08VFKMTF2/ref=sr_1_11?dchild=1&keywords=laptop&qid=1619714994&sr=8-11,,amazon
"MSI GS75 Stealth 10SGS-271 17.3"" 300Hz 3ms Ultra Thin and Light Gaming Laptop Intel Core i7-10750HK RTX 2080 Super 32GB 512GB NVMe SSD Win10PRO VR Ready",/MSI-Stealth-10SGS-271-i7-10750HK-Win10PRO/dp/B086FDQ4NL/ref=sr_1_12?dchild=1&keywords=laptop&qid=1619714994&sr=8-12,,amazon
"HP Chromebook 11-inch Laptop - MediaTek - MT8183 - 4 GB RAM - 32 GB eMMC Storage - 11.6-inch HD Display - with Chrome OS - (11a-na0010nr, 2020 Model)",/HP-Chromebook-11-inch-Laptop-11a-na0010nr/dp/B08HJT1BKQ/ref=sr_1_13?dchild=1&keywords=laptop&qid=1619714994&sr=8-13,,amazon
"Microsoft Surface Laptop Go - 12.4"" Touchscreen - Intel Core i5 - 8GB Memory - 128GB SSD - Sandstone",/Microsoft-Surface-Laptop-Touchscreen-Sandstone/dp/B08GZPDSF5/ref=sr_1_14?dchild=1&keywords=laptop&qid=1619714994&sr=8-14,,amazon
"2020 Lenovo IdeaPad 3 17.3"" HD+ LED Backlit Anti-Glare Display Laptop PC, Intel Core i5-1035G1 Quad Core Processor, 8GB RAM, 256GB SSD, HDMI, 802.11AC, Bluetooth, Webcam, Windows 10, Platinum Gray",/Lenovo-Anti-Glare-i5-1035G1-Processor-Bluetooth/dp/B08MV78VT5/ref=sr_1_15?dchild=1&keywords=laptop&qid=1619714994&sr=8-15,,amazon
"ASUS ZenBook 15 Ultra-Slim Laptop, 15”FHD Touch Display, Intel Core i7-10750H, GeForce GTX 1650 Ti, 16GB RAM, 1TB SSD, Innovative ScreenPad 2.0, Thunderbolt 3, Windows 10 Pro, Pine Grey, UX535LI-XH77T",/ASUS-Ultra-Slim-Innovative-Thunderbolt-UX535LI-XH77T/dp/B08NNFRVZV/ref=sr_1_16?dchild=1&keywords=laptop&qid=1619714994&sr=8-16,,amazon
"ASUS ProArt Studiobook One Mobile Workstation Laptop, 15.6” 4K UHD Pantone Display, Intel Core i9-9980HK, Nvidia Quadro RTX 6000, 64GB DDR4, 1TB PCIe SSD, Windows 10 Pro, Star Grey, W590G6T-PS99",/ASUS-Studiobook-Workstation-i9-9980HK-W590G6T-PS99/dp/B086TLMHRQ/ref=sr_1_17?dchild=1&keywords=laptop&qid=1619714996&sr=8-17,,amazon
"ASUS Laptop L210 Ultra Thin Laptop, 11.6” HD Display, Intel Celeron N4020 Processor, 4GB RAM, 64GB Storage, NumberPad, Windows 10 Home in S Mode",/ASUS-Processor-NumberPad-Microsoft-L210MA-DB01/dp/B081V6W99V/ref=sr_1_18?dchild=1&keywords=laptop&qid=1619714996&sr=8-18,,amazon
"HP Stream 14-inch Laptop, Intel Celeron N4000, 4 GB RAM, 64 GB eMMC, Windows 10 Home in S Mode with Office 365 Personal for 1 Year (14-cb185nr, Royal Blue)",/HP-14-inch-Celeron-Personal-14-cb185nr/dp/B084SKWC89/ref=sr_1_19?dchild=1&keywords=laptop&qid=1619714996&sr=8-19,,amazon
"Acer Aspire 5 Slim Laptop, 15.6 inches Full HD IPS Display, AMD Ryzen 3 3200U, Vega 3 Graphics, 4GB DDR4, 128GB SSD, Backlit Keyboard, Windows 10 in S Mode, A515-43-R19L, Silver",/Acer-Display-Graphics-Keyboard-A515-43-R19L/dp/B07RF1XD36/ref=sr_1_20?dchild=1&keywords=laptop&qid=1619714996&sr=8-20,,amazon
HP Stream 14-cb Laptop Intel Celeron 4GB RAM 64GB eMMC 14-inch HD WLED Office 365 Personal 1-Year Win 10 s,/HP-Stream-Celeron-14-inch-Personal/dp/B08LDBDRV6/ref=sr_1_21?dchild=1&keywords=laptop&qid=1619714996&sr=8-21,,amazon
"2020 HP 15.6"" HD LED Display Laptop, Intel Pentium Gold 6405U Processor, 4GB DDR4 RAM, 128GB SSD, HDMI, Webcam, WI-FI, Windows 10 S, Scarlet Red",/HP-Display-Pentium-Processor-Windows/dp/B08HHT31TS/ref=sr_1_22?dchild=1&keywords=laptop&qid=1619714996&sr=8-22,,amazon
"ASUS - ROG Zephyrus 15.6"" QHD Gaming Laptop - AMD Ryzen 9 - 16GB Memory - NVIDIA GeForce RTX 3070 - 1TB SSD - Eclipse Grey - Eclipse Grey",/ASUS-Zephyrus-Gaming-GeForce-Eclipse/dp/B08V8CDP8Q/ref=sr_1_23?dchild=1&keywords=laptop&qid=1619714996&sr=8-23,,amazon
"GIGABYTE AORUS 15G XC - 15.6"" FHD IPS Anti-Glare 240Hz - Intel Core i7-10870H - NVIDIA GeForce RTX 3070 8GB GDDR6 - 32GB Memory - 512GB SSD - Windows 10 Home - Gaming Laptop (AORUS 15G XC-8US2430SH)",/GIGABYTE-AORUS-15G-Anti-Glare-XC-8US2430SH/dp/B08V8BXZ6D/ref=sr_1_24?dchild=1&keywords=laptop&qid=1619714996&sr=8-24,2349,amazon
"ASUS F512DA-EB51 VivoBook 15 Thin and Light Laptop, 15.6” Full HD, AMD Quad Core R5-3500U CPU, 8GB DDR4 RAM, 256GB PCIe SSD, AMD Radeon Vega 8 Graphics, Windows 10 Home, Slate Gray",/ASUS-VivoBook-R5-3500U-Graphics-F512DA-EB51/dp/B07QQB7552/ref=sr_1_25?dchild=1&keywords=laptop&qid=1619714996&sr=8-25,,amazon
"Lenovo IdeaPad 3 14"" Laptop, 14.0"" FHD 1920 x 1080 Display, AMD Ryzen 5 3500U Processor, 8GB DDR4 RAM, 256GB SSD, AMD Radeon Vega 8 Graphics, Narrow Bezel, Windows 10, 81W0003QUS, Abyss Blue",/Lenovo-IdeaPad-Processor-Graphics-81W0003QUS/dp/B0862269YP/ref=sr_1_26?dchild=1&keywords=laptop&qid=1619714996&sr=8-26,509,amazon
"ASUS VivoBook 15 Thin and Light Laptop- 15.6” Full HD, Intel i5-1035G1 CPU, 8GB RAM, 512GB SSD, Backlit KeyBoard, Fingerprint, Windows 10- F512JA-AS54, Slate Gray",/ASUS-VivoBook-i5-1035G1-Fingerprint-F512JA-AS54/dp/B086QZSLDH/ref=sr_1_27?dchild=1&keywords=laptop&qid=1619714996&sr=8-27,,amazon
"Acer Nitro 5 Gaming Laptop, 9th Gen Intel Core i5-9300H, NVIDIA GeForce GTX 1650, 15.6"" Full HD IPS Display, 8GB DDR4, 256GB NVMe SSD, Wi-Fi 6, Backlit Keyboard, Alexa Built-in, AN515-54-5812",/Acer-i5-9300H-GeForce-Keyboard-AN515-54-5812/dp/B086KJBKDW/ref=sr_1_28?dchild=1&keywords=laptop&qid=1619714996&sr=8-28,,amazon
"ASUS ROG Zephyrus Duo 15 Gaming Laptop, 15.6” 300Hz IPS Type FHD, NVIDIA GeForce RTX 2070S, Intel Core i7-10875H, 32GB DDR4, 2TB RAID 0 SSD, Per-Key RGB, Thunderbolt 3, Windows 10, GX550LWS-XS79",/ASUS-Zephyrus-i7-10875H-Thunderbolt-GX550LWS-XS79/dp/B0876856N9/ref=sr_1_29?dchild=1&keywords=laptop&qid=1619714996&sr=8-29,,amazon
"Acer Predator Triton 500 PT515-52-73L3 Gaming Laptop, Intel i7-10750H, NVIDIA GeForce RTX 2070 SUPER, 15.6"" FHD NVIDIA G-SYNC Display, 300Hz, 16GB Dual-Channel DDR4, 512GB NVMe SSD, RGB Backlit KB",/Acer-Predator-PT515-52-73L3-i7-10750H-Dual-Channel/dp/B08CNLPDXV/ref=sr_1_30?dchild=1&keywords=laptop&qid=1619714996&sr=8-30,,amazon
"Acer Swift 3 Thin & Light Laptop, 14"" Full HD IPS, AMD Ryzen 7 4700U Octa-Core with Radeon Graphics, 8GB LPDDR4, 512GB NVMe SSD, Wi-Fi 6, Backlit KB, Fingerprint Reader, Alexa Built-in, SF314-42-R9YN",/Acer-Octa-Core-Graphics-Fingerprint-SF314-42-R9YN/dp/B086KKKT15/ref=sr_1_31?dchild=1&keywords=laptop&qid=1619714996&sr=8-31,,amazon
"HP 17.3"" HD+ Premium Laptop: AMD Ryzen 5 4500U, 12GB DDR4 RAM, 256GB SSD, DVDRW, AMD Radeon Graphics, 802.11ac WiFi, Bluetooth 4.2, Windows 10, 17.3"" HD+ Display",/HP-17-3-Premium-Laptop-Bluetooth/dp/B08RCTFS6V/ref=sr_1_32?dchild=1&keywords=laptop&qid=1619714996&sr=8-32,,amazon
"Acer Predator Helios 300 Gaming Laptop, Intel i7-10750H, NVIDIA GeForce RTX 2070 Max-Q 8GB, 15.6"" FHD 240Hz 3ms IPS Display, 16GB Dual-Channel DDR4, 512GB NVMe SSD, WiFi 6, RGB Keyboard, PH315-53-71QX",/Acer-Predator-i7-10750H-Dual-Channel-PH315-53-71QX/dp/B088457M45/ref=sr_1_33?dchild=1&keywords=laptop&qid=1619714998&sr=8-33,,amazon
"MSI GF75 Thin 17.3"" 144Hz Full HD Gaming Laptop, Intel Core i5-10300H 2.5GHz, 32GB RAM, 1TB PCIe SSD + 2TB HDD, NVIDIA GeForce GTX 1650Ti 4GB GDDR6, Windows 10 w/ RATZK 32GB USB Drive",/MSI-Gaming-i5-10300H-GeForce-Windows/dp/B08PZ1PVSW/ref=sr_1_34?dchild=1&keywords=laptop&qid=1619714998&sr=8-34,,amazon
"Dell Vostro 5481 Flagship 14"" FHD IPS Anti-Glare LED-Backlit Laptop, Intel Core i7-8565U up to 4.6GHz, 16GB DDR4, 512GB NVMe SSD, Backlit Keyboard, HDMI, Windows 10 Professional",/Dell-5481-14-LED-Backlit-Professional/dp/B089J2QM1D/ref=sr_1_35?dchild=1&keywords=laptop&qid=1619714998&sr=8-35,,amazon
"2021 Newest HP High Performance Laptop 17.3"" FHD IPS Intel i5-10210U Quad-Core Porcessor 12GB DDR4 256GB SSD DVD Writer HD Webcam Backlit Keyboard RJ-45 HDMI Windows 10 Home w/ RE 32GB USB Drive",/HP-Performance-i5-10210U-Quad-Core-Porcessor/dp/B08SW48XYT/ref=sr_1_36?dchild=1&keywords=laptop&qid=1619714998&sr=8-36,,amazon
"HP Stream 11.6-inch HD Laptop, Intel Celeron N4000, 4 GB RAM, 32 GB eMMC, Windows 10 Home in S Mode with Office 365 Personal for 1 Year (11-ak0010nr, Royal Blue)",/HP-11-6-inch-Celeron-Personal-11-ak0010nr/dp/B0886JS35F/ref=sr_1_37?dchild=1&keywords=laptop&qid=1619714998&sr=8-37,,amazon
"Acer Aspire 5 A517-52-59SV, 17.3"" Full HD IPS Display, 11th Gen Intel Core i5-1135G7, Intel Iris Xe Graphics, 8GB DDR4, 512GB NVMe SSD, WiFi 6, Fingerprint Reader, Backlit Keyboard",/Acer-A517-52-59SV-i5-1135G7-Graphics-Fingerprint/dp/B08PG4S5TT/ref=sr_1_38?dchild=1&keywords=laptop&qid=1619714998&sr=8-38,,amazon
"MSI Prestige 15 A11SCX-217 15.6"" UHD Ultra Thin and Light Professional Laptop Intel Core i7-1185G7 NVIDIA GeForce GTX1650 MAX-Q 32GB DDR4 1TB NVMe SSD Win10PRO, Urban Silver",/MSI-Prestige-15-A11SCX-217-Professional/dp/B08K9D4FY5/ref=sr_1_39?dchild=1&keywords=laptop&qid=1619714998&sr=8-39,,amazon
"SAMSUNG XE350XBA-K01US Chromebook 4 + Chrome OS 15.6"" Full HD Intel Celeron Processor N4000 4GB RAM 32Gb Emmc Gigabit Wi-Fi, Silver",/Samsung-Chromebook-Processor-32Gb-Emmc-XE350XBA-K01US/dp/B07XW266D9/ref=sr_1_40?dchild=1&keywords=laptop&qid=1619714998&sr=8-40,,amazon
"Samsung Chromebook XE303C12-A01 11.6-inch, Exynos 5250, 2GB RAM, 16GB SSD, Silver (Renewed)",/Samsung-Chromebook-Wi-Fi-11-6-Inch-Refurbished/dp/B00M9K7L8S/ref=sr_1_41?dchild=1&keywords=laptop&qid=1619714998&sr=8-41,136,amazon
"Acer Aspire 5 A515-55-56VK, 15.6"" Full HD IPS Display, 10th Gen Intel Core i5-1035G1, 8GB DDR4, 256GB NVMe SSD, Intel Wireless WiFi 6 AX201, Fingerprint Reader, Backlit Keyboard, Windows 10 Home",/Acer-A515-55-56VK-i5-1035G1-Fingerprint-Keyboard/dp/B087RTV311/ref=sr_1_42?dchild=1&keywords=laptop&qid=1619714998&sr=8-42,648,amazon
"Lenovo - IdeaPad 3 15"" Laptop - Intel Core i3-1005G1-8GB Memory - 256GB SSD - Platinum Grey - 81WE011UUS",/Lenovo-IdeaPad-i3-1005G1-8GB-Platinum-81WE011UUS/dp/B08HYDLVZY/ref=sr_1_43?dchild=1&keywords=laptop&qid=1619714998&sr=8-43,,amazon
"Lenovo IdeaPad 5 15.6"" FHD IPS Touchscreen Laptop | 11th Gen Intel Core i7-1165G7 | 12GB RAM | 512GB SSD | Backlit Keyboard | Fingerprint Reader | Windows 10",/Lenovo-Touchscreen-i7-1165G7-Keyboard-Fingerprint/dp/B08W54YSPW/ref=sr_1_44?dchild=1&keywords=laptop&qid=1619714998&sr=8-44,,amazon
"2021 HP 15.6"" HD Laptop Computer Intel Dual-Core Pentium 6405U Processor 4GB RAM 500GB HDD Intel UHD Graphics HD Webcam Bluetooth RJ-45 USB-C HDMI Windows 10 Scarlet Red RE 32GB USB 3.0 Flash Drive",/HP-Computer-Dual-Core-Processor-Bluetooth/dp/B08SJ1PJMW/ref=sr_1_45?dchild=1&keywords=laptop&qid=1619714998&sr=8-45,,amazon
"Dell Inspiron 15 3000 (3593) Laptop Computer - 15.6 inch HD Anti-Glare Display (Intel Core 11th Gen i5-1035G1, 8GB, 256GB PCIe M.2 NVMe SSD, Camera) Windows 10 Home",/Dell-Inspiron-3000-Laptop-Computer/dp/B08R62MNF4/ref=sr_1_46?dchild=1&keywords=laptop&qid=1619714998&sr=8-46,,amazon
"Newest Lenovo ThinkPad Yoga L13 2 in 1 13.3"" FHD Touchscreen Premium Business Laptop, Intel Quad Core i5-10210U (Beat i7-7500U), 8GB RAM, 256GB PCIe SSD, Backlit Keyboard, USB-C, HDMI, Windows 10",/Lenovo-ThinkPad-Touchscreen-Business-i5-10210U/dp/B08C2FJXNW/ref=sr_1_47?dchild=1&keywords=laptop&qid=1619714998&sr=8-47,,amazon
"ASUS ProArt StudioBook Pro X Mobile Workstation Laptop, 17” FHD Narrow Bezel, Intel Xeon E-2276M, 64GB ECC DDR4, 4TB PCIe SSD, Nvidia Quadro RTX 5000, Windows 10 Pro, W730G5T-XH99, Star Grey",/ASUS-StudioBook-Workstation-Windows-W730G5T-XH99/dp/B085G94CKV/ref=sr_1_48?dchild=1&keywords=laptop&qid=1619714998&sr=8-48,4999,amazon
"MSI GF65 Thin 9SEXR-838 (i7-9750H, 16GB RAM, 1TB NVMe SSD, RTX 2060 6GB, 15.6"" 144Hz FHD, Windows 10) Gaming Notebook",/GF65-Thin-9SEXR-838-i7-9750H-Notebook/dp/B08GFY81G1/ref=sr_1_49?dchild=1&keywords=laptop&qid=1619715000&sr=8-49,1249,amazon
"ASUS VivoBook 17.3"" FHD IPS LED Backlight Premium Laptop | AMD Ryzen3 3250U | 20GB DDR4 RAM | 512GB SSD | USB Type-C | WiFi | HDMI | Windows 10",/ASUS-VivoBook-Backlight-Premium-Windows/dp/B08VDPNZRX/ref=sr_1_50?dchild=1&keywords=laptop&qid=1619715000&sr=8-50,646,amazon
"MSI Creator 17 Professional Laptop: 17.3"" 4K UHD HDR 1000 Mini LED, Intel Core i7-10875H, GeForce RTX 2070 SUPER, 32GB RAM, 1TB NVMe SSD, Thunderbolt 3, 100% Adobe RGB, Win10 PRO (ASFS-254)",/MSI-Creator-ASFS-254-i7-10875H-Win10PRO/dp/B085B3612D/ref=sr_1_51?dchild=1&keywords=laptop&qid=1619715000&sr=8-51,,amazon
"Lenovo Legion 5 15.6"" LED-Backlit Antiglare FHD Gaming Laptop 10th Gen Intel Core i7-10750H 16GB RAM 1TB HDD + 512GB NVMe SSD 6GB NVIDIA GeForce GTX 1660Ti Windows 10 Home - Moss Green",/Lenovo-LED-Backlit-Antiglare-i7-10750H-GeForce/dp/B08FC15WPH/ref=sr_1_52?dchild=1&keywords=laptop&qid=1619715000&sr=8-52,,amazon
"Lenovo Ideapad 3 Laptop, 14"" FHD (1920x1080), Intel Core i5-1035G1, 8GB SODIMM RAM, 512GB PCIe SSD, Webcam, WiFi, Windows 10 Home, XPI Bundle",/Lenovo-Ideapad-1920x1080-i5-1035G1-Windows/dp/B08XPQGLF7/ref=sr_1_53?dchild=1&keywords=laptop&qid=1619715000&sr=8-53,539,amazon
"OMEN 17 Gaming Laptop, NVIDIA GeForce RTX 2070, Intel Core i7-10750H, 16 GB DDR4 RAM, 512 GB PCIe NVMe SSD, 17.3"" 144Hz Full HD, Windows 10 Home, RGB Keyboard (17-cb1080nr, 2020 Model)",/GeForce-i7-10750H-Windows-Keyboard-17-cb1080nr/dp/B087Z21FXV/ref=sr_1_54?dchild=1&keywords=laptop&qid=1619715000&sr=8-54,1628,amazon
"2021 HP 17.3"" HD+ Touchscreen Premium Laptop PC 6-Core AMD Ryzen 5 4500U 12GB RAM DDR4 512GB M.2 NVMe SSD AMD Radeon Vega 8 Graphics DVD HDMI RJ-45 Bluetooth Webcam Windows 10 Home w/ RE Accessories",/HP-Touchscreen-Graphics-Bluetooth-Accessories/dp/B0928Q52YR/ref=sr_1_55?dchild=1&keywords=laptop&qid=1619715000&sr=8-55,,amazon
"2021 Newest Dell Inspiron 15 3000 Series 3593 Laptop, 15.6"" HD Non-Touch, 10th Gen Intel Core i3-1005G1 Processor, 8GB RAM, 1TB Hard Disk Drive, Webcam, HDMI, Wi-Fi, Bluetooth, Windows 10 Home, Black",/Dell-Inspiron-Touchscreen-i3-1005G1-Wireless-AC/dp/B087ZR3671/ref=sr_1_56?dchild=1&keywords=laptop&qid=1619715000&sr=8-56,499,amazon
"EXPC MSI WS75 10TM-492 Enthusiast by MSI 17 Inch Mobile Workstation Laptop (i9-10980HK, 64GB RAM, 4TB NVMe SSD, Quadro RTX 5000 16GB, 17.3"" FHD, Windows 10 Pro) Professional Notebook Computer",/WS75-10TM-492-Enthusiast-Workstation-Professional/dp/B08Y5JQLWH/ref=sr_1_57?dchild=1&keywords=laptop&qid=1619715000&sr=8-57,4789,amazon
"2020 Dell G5 15.6"" FHD Gaming Laptop Computer, 8 Core 16 Threads, Ryzen 9 4900H, Up to 4.4GHz,16GB DDR4 RAM, 1TB PCIe SSD, AMD Radeon RX 5600M, WiFi, Windows 10 Home, 144hz, Virtual Reality Ready",/Dell-Computer-Threads-Windows-Virtual/dp/B08QY3FHVV/ref=sr_1_58?dchild=1&keywords=laptop&qid=1619715000&sr=8-58,,amazon
"HP 17.3 Inch Laptop Computer 10th Gen Intel Core i5-1035G1 up to 3.6GHz, 12GB RAM, 1TB HDD, Intel Graphics, DVD, WiFi, Bluetooth, Windows 10 (Renewed)",/HP-Computer-i5-1035G1-Graphics-Bluetooth/dp/B08GDLPB8X/ref=sr_1_59?dchild=1&keywords=laptop&qid=1619715000&sr=8-59,579,amazon
2021 Dell Inspiron 17 I3793 17.3” FHD Laptop Notebook Computer 10th Gen 4-Core Intel Core i5-1035G1 16GB RAM 512GB NVMe SSD + 1TB HDD DVD Webcam Bluetooth Wi-Fi RJ-45 HDMI Windows 10 w/ RE Flash Drive,/Dell-Inspiron-I3793-i5-1035G1-Bluetooth/dp/B08RNKZVJR/ref=sr_1_60?dchild=1&keywords=laptop&qid=1619715000&sr=8-60,,amazon
2021 ASUS F512DA VivoBook Laptop 15.6 FHD AMD 4-Core RYZEN 7 3700U 20GB DDR4 1TB NVMe SSD Radeon Vega 8 Graphics USB-C Backlit Keyboard WIFI5 HDMI Fingerprint Windows 10 Home w/ RE 32GB USB 3.0 Drive,/ASUS-VivoBook-Graphics-Keyboard-Fingerprint/dp/B08TBVQ9HF/ref=sr_1_61?dchild=1&keywords=laptop&qid=1619715000&sr=8-61,,amazon
ASUS E410 Intel Celeron N4020 4GB 128GB eMMC 14-inch HD LED Win 10 Laptop (Pink),/ASUS-Intel-Celeron-14-inch-Laptop/dp/B08R6B218S/ref=sr_1_62?dchild=1&keywords=laptop&qid=1619715000&sr=8-62,,amazon
"MSI GP65 Leopard 9SD-226 15.6"" 144Hz 3ms Gaming Laptop, Intel Core i7-9750H, NVIDIA GTX 1660Ti, 16GB, 512GB NVMe SSD, Win10",/MSI-GP65-Leopard-9SD-226-i7-9750H/dp/B07WC92ZG5/ref=sr_1_63?dchild=1&keywords=laptop&qid=1619715000&sr=8-63,,amazon
"Lenovo N21, 11.6 inches, HD, 16GB, SD Chromebook Intel Celeron N2840, 4GB - Black (Renewed)",/Lenovo-Chromebook-Bluetooth-Certified-Refurbished/dp/B079R7574J/ref=sr_1_64?dchild=1&keywords=laptop&qid=1619715000&sr=8-64,115,amazon
"MSI Summit E15 A11SCS-207 (i7-1185G7, 64GB RAM, 1TB NVMe SSD, GTX 1650Ti 4GB, 15.6"" 4K UHD, Windows 10 Pro) Creative Professional Laptop",/Summit-E15-A11SCS-207-i7-1185G7-Professional/dp/B08M6L7HPR/ref=sr_1_65?dchild=1&keywords=laptop&qid=1619715001&sr=8-65,2259,amazon
"Lenovo IdeaPad 3 15"" Laptop, 15.6"" HD (1366 x 768) Display, AMD Ryzen 3 3250U Processor, 4GB DDR4 Onboard RAM, 128GB SSD, AMD Radeon Vega 3 Graphics, Windows 10, 81W10094US, Business Black",/Lenovo-Processor-Graphics-81W10094US-Business/dp/B0872K4XCJ/ref=sr_1_66?dchild=1&keywords=laptop&qid=1619715001&sr=8-66,,amazon
"Dell Alienware Area 51M Laptop, 17.3"" FHD (1920 x 1080), 9th Gen Intel Core i9-9900K, 64GB (4x16GB) RAM, 2 X 1TB SSD (R0), NVIDIA GeForce RTX 2080, Windows 10 Pro (Certified Refurbished)",/Dell-Alienware-Area-51M-Refurbished/dp/B07YYLWZ49/ref=sr_1_67?dchild=1&keywords=laptop&qid=1619715001&sr=8-67,,amazon
"Razer Blade Pro 17 Gaming Laptop 2020: Intel Core i7-10875H 8-Core, NVIDIA GeForce RTX 2080 SUPER, 17.3"" 4K 120Hz, 16GB RAM, 1TB SSD, CNC, Chroma RGB, Thunderbolt 3, SD Card Reader, Creator Ready",/Razer-Blade-Gaming-Laptop-2020/dp/B087KXDMNS/ref=sr_1_68?dchild=1&keywords=laptop&qid=1619715001&sr=8-68,,amazon
"ASUS TUF Gaming A15 Gaming Laptop, 15.6” 144Hz Full HD IPS-Type Display, AMD Ryzen 5 4600H, GeForce GTX 1650, 8GB DDR4, 512GB PCIe SSD, RGB Keyboard, Windows 10 Home, Bonfire Black, FA506IH-AS53",/ASUS-IPS-Type-GeForce-Gigabit-FA506IH-AS53/dp/B0865THZCL/ref=sr_1_69?dchild=1&keywords=laptop&qid=1619715001&sr=8-69,,amazon
"2021 Dell Inspiron 15 5000 15.6"" FHD Laptop Computer, AMD Ryzen 5-4500U Processor, 16GB RAM, 1TB PCIe SSD, Backlit Keyboard, Webcam, AMD Radeon Graphics, HDMI, Windows 10, Silver",/Dell-Inspiron-15-5000-Processor/dp/B08RSS2WYN/ref=sr_1_70?dchild=1&keywords=laptop&qid=1619715001&sr=8-70,777,amazon
"Razer Blade 15 Studio Edition Laptop 2020: Intel Core i7-10875H 8-Core, NVIDIA Quadro RTX 5000, 15.6” 4K OLED Touch, 32GB RAM, 1TB SSD, CNC Aluminum, Chroma RGB, Thunderbolt 3, Creator Ready",/Razer-Blade-Studio-Laptop-2020/dp/B086MP21NF/ref=sr_1_71?dchild=1&keywords=laptop&qid=1619715001&sr=8-71,,amazon
"Asus TUF Gaming Laptop, 17.3” Full HD IPS-Type, AMD Ryzen 7 3750H, GeForce GTX 1660 Ti, 16GB DDR4, 512GB PCIe SSD, Gigabit Wi-Fi 5, Windows 10 Home, TUF705DU-PB74",/IPS-Type-GeForce-Gigabit-Windows-TUF705DU-PB74/dp/B07SG15MR3/ref=sr_1_72?dchild=1&keywords=laptop&qid=1619715001&sr=8-72,,amazon
"HP 15 Laptop, 11th Gen Intel Core i5-1135G7 Processor, 8 GB RAM, 256 GB SSD Storage, 15.6” Full HD IPS Display, Windows 10 Home, HP Fast Charge, Lightweight Design (15-dy2021nr, 2020)",/HP-i5-1135G7-Processor-Lightweight-15-dy2021nr/dp/B08KGZ79N6/ref=sr_1_73?dchild=1&keywords=laptop&qid=1619715001&sr=8-73,,amazon
"Razer Blade 15 Advanced Gaming Laptop 2020: Intel Core i7-10875H 8-Core, NVIDIA GeForce RTX 2080 SUPER Max-Q, 15.6” 4K OLED Touch, 16GB RAM, 1TB SSD, CNC Aluminum, Chroma, Thunderbolt 3, Creator Ready",/Razer-Blade-Advanced-Gaming-Laptop/dp/B086M84ZC9/ref=sr_1_74?dchild=1&keywords=laptop&qid=1619715001&sr=8-74,,amazon
"ASUS VivoBook S13 Thin and Light Laptop, 13.3” FHD Display, Intel Core i5-1035G1 CPU, 8GB LPDDR4X RAM, 512GB PCIe SSD, Windows 10 Home, Fingerprint Reader, Dreamy White, S333JA-DS51-WH",/ASUS-VivoBook-i5-1035G1-Fingerprint-S333JA-DS51-WH/dp/B08BXBWKW7/ref=sr_1_75?dchild=1&keywords=laptop&qid=1619715001&sr=8-75,,amazon
"MSI GE66 Raider 10SF-045 15.6"" 240Hz 3ms Gaming Laptop Intel Core i7-10750H RTX 2070 16GB 512GB NVMe SSD Win10 VR Ready",/MSI-Raider-10SF-045-Gaming-i7-10750H/dp/B086DW2D9V/ref=sr_1_76?dchild=1&keywords=laptop&qid=1619715001&sr=8-76,,amazon
"2021 Newest Acer Aspire 5 15.6"" FHD 1080P Laptop Computer AMD Ryzen 3 3200U Dual Core Processor (Beat i5-7200U) 8GB RAM 512GB SSD Backlit Keyboard WiFi Bluetooth HDMI Windows 10 Pro w/ RE Accessories",/Acer-Computer-Processor-Bluetooth-Accessories/dp/B08KL8X9ZD/ref=sr_1_77?dchild=1&keywords=laptop&qid=1619715001&sr=8-77,,amazon
"HP Pavilion x360 14"" FHD WLED Touchscreen 2-in-1 Convertible Laptop, Intel Quad-Core i5-8250U 1.60GHz up to 3.4GHz, 8GB DDR4, 256GB SSD, WiFi, Bluetooth, Webcam, HDMI, Fingerprint Reader, Windows 10",/HP-x360-Touchscreen-Convertible-Fingerprint/dp/B07VVJGFWV/ref=sr_1_78?dchild=1&keywords=laptop&qid=1619715001&sr=8-78,648,amazon
"2020 HP 14"" HD (1366 x 768) Laptop PC, AMD Ryzen 3 3250U Dual-Core Processor, 4GB DDR4 RAM, 1TB Hard Drive, HDMI, AMD Radeon Vega 3 Graphics, Windows 10 Home, Silver (Google Classroom Compatible)",/HP-Dual-Core-Processor-Classroom-Compatible/dp/B08KZL5GML/ref=sr_1_79?dchild=1&keywords=laptop&qid=1619715001&sr=8-79,368,amazon
"Alienware m15 R3 15.6inch FHD Gaming Laptop (Lunar Light) Intel Core i7-10750H 10th Gen, 16GB DDR4 RAM, 512GB SSD, Nvidia GeForce RTX 2060 6GB GDDR6, Windows 10 Home (AWm15-7272WHT-PUS)",/Alienware-15-6inch-i7-10750H-GeForce-AWm15-7272WHT-PUS/dp/B089HJ9S33/ref=sr_1_80?dchild=1&keywords=laptop&qid=1619715001&sr=8-80,1669,amazon
"2019 Lenovo IdeaPad L340 17.3"" FHD Gaming Laptop Computer, 9th Gen Intel Hexa-Core i7-9750H Up to 4.5GHz, 16GB DDR4 RAM, 1TB HDD + 512GB PCIE SSD, GeForce GTX 1050 3GB, 802.11ac WiFi, Windows 10 Home",/Lenovo-L340-Computer-Hexa-Core-i7-9750H/dp/B07WGMNPCV/ref=sr_1_81?dchild=1&keywords=laptop&qid=1619715002&sr=8-81,,amazon
Lenovo IdeaPad S340 15.6 Full HD Touchscreen AMD Ryzen 7 3700U 12GB RAM 512GB SSD Laptop,/Lenovo-IdeaPad-Touchscreen-Ryzen-Laptop/dp/B08PDJGBDJ/ref=sr_1_82?dchild=1&keywords=laptop&qid=1619715002&sr=8-82,,amazon
"MSI GF65 Thin 10UE-047 15.6"" 144Hz 3ms Gaming Laptop Intel Core i7-10750H RTX3060 16GB 512GB NVMe SSD Win10",/MSI-GF65-Thin-10UE-047-i7-10750H/dp/B08SWJHHBT/ref=sr_1_83?dchild=1&keywords=laptop&qid=1619715002&sr=8-83,1383,amazon
"2019 ASUS ROG G531GT 15.6"" FHD Premium Gaming Laptop | Intel 6-Core i7-9750H Upto 4.5GHz | 32GB RAM | 1TB HDD | NVIDIA GeForce GTX 1650 4GB GDDR5 | RGB Backlit Keyboard | Windows 10",/ASUS-Premium-i7-9750H-GeForce-Keyboard/dp/B07Z7Q5CS3/ref=sr_1_84?dchild=1&keywords=laptop&qid=1619715002&sr=8-84,,amazon
"2020 Lenovo IdeaPad 3 15.6"" FHD LED Backlit Anti-Glare Display Laptop, Intel Core i5-1035G1 Quad-Core Processor, 8GB DDR4 RAM, 256GB SSD, HDMI, Webcam, 802.11AC, Bluetooth, Windows 10, Cherry Red",/Lenovo-Anti-Glare-i5-1035G1-Quad-Core-Processor/dp/B08L8T1Y47/ref=sr_1_85?dchild=1&keywords=laptop&qid=1619715002&sr=8-85,,amazon
"HP 14 Laptop, AMD 3020e, 4 GB RAM, 64 GB eMMC Storage, 14-inch HD Touchscreen, Windows 10 Home in S Mode, Long Battery Life, Microsoft 365, (14-fq0040nr, 2020)",/HP-Storage-Touchscreen-Microsoft-14-fq0040nr/dp/B08CM17RPZ/ref=sr_1_86?dchild=1&keywords=laptop&qid=1619715002&sr=8-86,,amazon
"2021 LENOVO IdeaPad S340 15.6"" FHD Touchscreen Laptop PC AMD Ryzen7 3700U 20GB RAM DDR4 1TB M.2 SSD AMD Radeon Vega 10 Graphics HDMI USB-C Card Reader Webcam Windows 10 Home w/ RE 32GB USB 3.0 Drive",/LENOVO-IdeaPad-Touchscreen-Graphics-Windows/dp/B08ZLPZD74/ref=sr_1_87?dchild=1&keywords=laptop&qid=1619715002&sr=8-87,,amazon
"2020 Newest Lenovo IdeaPad 3 15"" Laptop, AMD Ryzen 5 3500U Quad-Core Processor, 8GB Memory, 256GB Solid State Drive, Windows 10, Abyss Blue, 81W1009DUS (Google Classroom Compatible)",/Lenovo-Quad-Core-Processor-81W1009DUS-Compatible/dp/B08HLD3N5C/ref=sr_1_88?dchild=1&keywords=laptop&qid=1619715002&sr=8-88,,amazon
"HP Pavilion 16.1"" Full HD (1920x1080) Gaming Laptop - 10th Gen Intel Core i7-10750H 6-Core up to 5.00 GHz CPU, 32GB DDR4 RAM, 2TB Solid State Drive, NVIDIA GeForce GTX 1660Ti Max-Q, Windows 10 Pro",/HP-Pavilion-1920x1080-Gaming-Laptop/dp/B08FCSVNQL/ref=sr_1_89?dchild=1&keywords=laptop&qid=1619715002&sr=8-89,,amazon
"Dell Chromebook 3120 Intel celeron n2840 2.16Hgz, 16GB Storage 4gb Ram (Renewed)",/Dell-Chromebook-celeron-Certified-Refurbished/dp/B07HMJY8NR/ref=sr_1_90?dchild=1&keywords=laptop&qid=1619715002&sr=8-90,129,amazon
"HP 17.3"" FHD IPS Laptop, Core i5-10210U (Beat i7-8665U), HD Webcam, Backlit Keyboard, HDMI, UHD Graphics, Windows 10 Home, 12GB Memory, 1TB HDD (Renewed)",/HP-i5-10210U-i7-8665U-Keyboard-Graphics/dp/B08S3S7CQY/ref=sr_1_91?dchild=1&keywords=laptop&qid=1619715002&sr=8-91,569,amazon
"ASUS VivoBook S13 Thin and Light Laptop, 13.3” FHD Display, Intel Core i5-1035G1 CPU, 8GB LPDDR4X RAM, 512GB PCIe SSD, Windows 10 Home, Fingerprint Reader, Indie Black, S333JA-DS51",/ASUS-VivoBook-i5-1035G1-Fingerprint-S333JA-DS51/dp/B08BX9XPKS/ref=sr_1_92?dchild=1&keywords=laptop&qid=1619715002&sr=8-92,,amazon
"ASUS Q550LF-BBI7T07 15.6"" Touch Screen 8GB Memory 1TB Hard Drive",/Asus-Q550LF-BBI7T07-4500U-8GB-1TB-TOUCH/dp/B00GDHUZYK/ref=sr_1_93?dchild=1&keywords=laptop&qid=1619715002&sr=8-93,,amazon
"Latest_Dell XPS 13.3"" 4K UHD Touch InfinityEdge Display Laptop, 10th Gen Intel Core i7-10710U Processor, 16GB RAM, 512GB SSD, Wireless+Bluetooth, Backlit Keyboard, Fingerprint Reader, HDMI，Window 10",/Latest_Dell-XPS-InfinityEdge-Fingerprint-HDMI%EF%BC%8CWindow/dp/B08GL99DW3/ref=sr_1_94?dchild=1&keywords=laptop&qid=1619715002&sr=8-94,,amazon
"2021 Lenovo IdeaPad 3 15.6"" FHD Laptop Intel Dual-Core i3-1005G1 16GB RAM DDR4 256GB M.2 SSD Intel UHD Graphics HDMI Card Reader Bluetooth Webcam Platinum Grey Windows 10 w/ RE USB 3.0 Flash Drive",/Lenovo-Dual-Core-i3-1005G1-Graphics-Bluetooth/dp/B08SLT8ZRQ/ref=sr_1_95?dchild=1&keywords=laptop&qid=1619715002&sr=8-95,,amazon
2021 HP 15.6'' HD Touchscreen Laptop PC Intel Dual-Core i3-1005G1 16GB DDR4 RAM 256GB M.2 NVMe SSD Intel UHD Graphics USB-C HDMI WiFi Bluetooth Webcam Silver Windows 10 Pro w/ RE 32GB USB 3.0 Drive,/HP-Touchscreen-Dual-Core-i3-1005G1-Bluetooth/dp/B08P3ZRV2G/ref=sr_1_96?dchild=1&keywords=laptop&qid=1619715002&sr=8-96,,amazon
2021 HP 15.6'' HD Touchscreen Laptop PC Intel Dual-Core i3-1005G1 16GB DDR4 RAM 256GB M.2 NVMe SSD Intel UHD Graphics USB-C HDMI WiFi Bluetooth Webcam Silver Windows 10 Pro w/ RE 32GB USB 3.0 Drive,/HP-Touchscreen-Dual-Core-i3-1005G1-Bluetooth/dp/B08P3ZRV2G/ref=sr_1_97?dchild=1&keywords=laptop&qid=1619715004&sr=8-97,,amazon
2021 Dell XPS 13 7390 Premium Business Laptop I 13.3” FHD Display I 10th Gen Intel 4-Core i7-10510U I 16GB DDR4 2TB SSD I Backlit Fingerprint Thunderbolt USB-C Win10,/Dell-XPS-7390-Fingerprint-Thunderbolt/dp/B08T9JGVYK/ref=sr_1_98?dchild=1&keywords=laptop&qid=1619715004&sr=8-98,,amazon
Lenovo IdeaPad 3 Intel i5-1035G1 Quad Core 12GB RAM 256GB SSD 15.6-inch Touch Screen Laptop,/Lenovo-IdeaPad-i5-1035G1-15-6-inch-Screen/dp/B08NXSJVCR/ref=sr_1_99?dchild=1&keywords=laptop&qid=1619715004&sr=8-99,576,amazon
"2021 Newest HP 15.6"" FHD IPS Touchscreen Laptop PC Intel Quad-Core i7-1065G7 32GB DDR4 RAM 1TB NVMe SSD Intel Iris Plus Graphics USB-C Webcam HDMI Silver Windows 10 Pro w/ RE 32GB USB 3.0 Drive",/HP-Touchscreen-Quad-Core-i7-1065G7-Graphics/dp/B08WCT8LFJ/ref=sr_1_100?dchild=1&keywords=laptop&qid=1619715004&sr=8-100,,amazon
"2021 Dell Inspiron 15 3593 15.6"" HD Touchscreen Laptop Computer, Intel Quad-Core i7-1065G7, 12GB RAM, 512GB PCIe SSD, Intel Iris Plus Graphics, MaxxAudio, HD Webcam, Win 10 S",/Dell-Inspiron-Touchscreen-Quad-Core-i7-1065G7/dp/B08L71B2Z8/ref=sr_1_101?dchild=1&keywords=laptop&qid=1619715004&sr=8-101,,amazon
"Dell Precision 7710 17.3 inches FHD Laptop, Core i7-6820HQ 2.7GHz, 32GB RAM, 1TB Solid State Drive, Windows 10 Pro 64Bit, (Renewed)",/Dell-Precision-i7-6820HQ-Windows-Renewed/dp/B07YCVVVCG/ref=sr_1_102?dchild=1&keywords=laptop&qid=1619715004&sr=8-102,,amazon
"2020 HP Stream 11.6 inch Laptop Computer Intel Celeron N4020 Upto 2.8 GHz, 4GB RAM, 32GB eMMC Storage, Windows 10 Home, 13Hr Battery Life, Office 365 1Year, (Rose Pink)",/HP-Computer-Celeron-Storage-Windows/dp/B08PQFKHC7/ref=sr_1_103?dchild=1&keywords=laptop&qid=1619715004&sr=8-103,,amazon
"Acer Nitro 5 Gaming Laptop, 9th Gen Intel Core i5-9300H, NVIDIA GeForce GTX 1650, 15.6"" Full HD IPS Display, 8GB DDR4, 256GB SSD + 1TB HDD, Wi-Fi 6, Backlit Keyboard, Win10",/Acer-i5-9300H-GeForce-Display-Keyboard/dp/B08J3XSXQ5/ref=sr_1_104?dchild=1&keywords=laptop&qid=1619715004&sr=8-104,,amazon
"MSI GS75 Stealth-1074 17.3"" 144Hz 3ms Ultra Thin and Light Gaming Laptop Intel Core i7-9750H RTX2080 32GB 1TB NVMe Thunderbolt 3 Win10",/MSI-Stealth-1074-i7-9750H-RTX2080-Thunderbolt/dp/B07YWQVDYV/ref=sr_1_105?dchild=1&keywords=laptop&qid=1619715004&sr=8-105,,amazon
"2021 Newest Acer Aspire 3 15.6"" FHD Laptop Computer 10th Gen Intel Core i5-1035G1 Processor 8GB RAM 128GB M.2 SSD WiFi 5 Bluetooth HDMI RJ45 Windows 10 Pro w/ RE 32GB USB 3.0 Flash Drive",/Acer-Computer-i5-1035G1-Processor-Bluetooth/dp/B08LSNYBSD/ref=sr_1_106?dchild=1&keywords=laptop&qid=1619715004&sr=8-106,,amazon
"MSI GF75 Thin 17.3"" Gaming Laptop Core i7-10750H 8GB RAM 512GB SSD 144Hz GTX 1650 4GB - 10th Gen i7-10750H Hexa-core - NVIDIA GeForce GTX 1650 4GB - 144Hz Refresh Rate - Up to 5 GHz CPU Speed - I",/MSI-GF75-Thin-Gaming-i7-10750H/dp/B08FBJVRBQ/ref=sr_1_107?dchild=1&keywords=laptop&qid=1619715004&sr=8-107,,amazon
"2021 Lenovo Ideapad 3 High Performance Business Laptop 15.6"" HD Touchscreen -Intel 10th Gen i5-10210U Quad Core - 20GB DDR4 1TB SSD - WiFi 6 - Win10 Pro w/ RATZK 32GB USB Drive",/Lenovo-Performance-Business-Touchscreen-i5-10210U/dp/B08VW36GB8/ref=sr_1_108?dchild=1&keywords=laptop&qid=1619715004&sr=8-108,,amazon
"MSI Summit E13 Flip EVO Professional Laptop: 13"" IPS-Level Touch Screen, Intel core i7-1185G7, Iris Xe, 32GB RAM, 1TB NVMe SSD, Win10 PRO, Ink Black (A11MT-021)",/MSI-Summit-Flip-Professional-Laptop/dp/B08VJL72LD/ref=sr_1_109?dchild=1&keywords=laptop&qid=1619715004&sr=8-109,,amazon
"MSI GS75 Stealth Gaming Laptop: 17.3"" 240Hz Display, Intel Core i7-10875H, NVIDIA GeForce RTX 2060, 16GB RAM, 512GB NVMe SSD, Win10 Pro, Black (10SE-620)",/MSI-GS75-Stealth-10SE-620-i7-10875H/dp/B08965WD75/ref=sr_1_110?dchild=1&keywords=laptop&qid=1619715004&sr=8-110,1499,amazon
"2020 Lenovo ThinkPad E15 15.6"" FHD Full HD (1920x1080) IPS Business Laptop (Intel 10th Quad Core i7-10510U, 32GB RAM, 512GB SSD+1TB HDD) Fingerprint, Type-C, HDMI, Windows 10 Pro+IST Computers 500GB",/Lenovo-ThinkPad-E15-1920x1080-Fingerprint/dp/B086MMVFBK/ref=sr_1_111?dchild=1&keywords=laptop&qid=1619715004&sr=8-111,1449,amazon
"ASUS VivoBook L203NA Laptop, 11.6” HD Display, Intel Celeron N3350 Processor, 4GB RAM, 64GB Storage, USB-C, Windows 10 Home in S Mode, Up to 10 Hours Battery Life, One Year Microsoft 365, L203NA-DS04",/ASUS-L203NA-DS04-90NB0EZ2-M07470/dp/B081V3HX3L/ref=sr_1_112?dchild=1&keywords=laptop&qid=1619715004&sr=8-112,240,amazon
"ASUS VivoBook 17.3"" FHD (1920 x1080) Display Laptop PC, AMD Ryzen 7 3700U Processor, 12GB DDR4, 512GB PCIe SSD, Bluetooth, Webcam, HDMI, WiFi, AMD Radeon RX Vega 10 Graphics, Windows 10 Home",/ASUS-VivoBook-Processor-Bluetooth-Graphics/dp/B08B3C643L/ref=sr_1_113?dchild=1&keywords=laptop&qid=1619715006&sr=8-113,,amazon
"2021 Newest Acer Aspire 5 Slim Laptop, 15.6 inches Full HD IPS Display, AMD Ryzen 3 3200U, Vega 3 Graphics, 8GB DDR4, 256GB SSD, Backlit Keyboard, Windows 10 in S Mode + Oydisen Cloth",/Acer-Aspire-Display-Graphics-Keyboard/dp/B08VKRQSMT/ref=sr_1_114?dchild=1&keywords=laptop&qid=1619715006&sr=8-114,499,amazon
"Dell Inspiron 15.6"" HD Laptop, Intel Pentium Silver N5000 Quad-Core Processor up to 2.7GHz, 4GB RAM, 128GB SSD, WiFi, HDMI, Windows 10",/Dell-Inspiron-Pentium-Quad-Core-Processor/dp/B07V9CNWFZ/ref=sr_1_115?dchild=1&keywords=laptop&qid=1619715006&sr=8-115,,amazon
"ASUS ZenBook Pro Duo UX581 Laptop, 15.6” 4K UHD NanoEdge Touch Display, Intel Core i9-10980HK, 32GB RAM, 1TB PCIe SSD, GeForce RTX 2060, ScreenPad Plus, Windows 10 Pro, Celestial Blue, UX581LV-XS94T",/ASUS-i9-10980HK-ScreenPad-Celestial-UX581LV-XS94T/dp/B088ZTK1RR/ref=sr_1_116?dchild=1&keywords=laptop&qid=1619715006&sr=8-116,,amazon
"HP 15 Laptop, AMD Ryzen 3 3250U Processor, 8 GB RAM, 256 GB SSD Storage, 15.6-inch HD Micro-Edge Display, Windows 10 Home, Long-Lasting Battery, HP Fast Charge, 720p Webcam (15-ef1021nr, 2020)",/HP-Processor-Micro-Edge-Long-Lasting-15-ef1021nr/dp/B08N38VPL7/ref=sr_1_117?dchild=1&keywords=laptop&qid=1619715006&sr=8-117,,amazon
"MSI GF63 Thin 9SC-066 15.6"" Gaming Laptop, Thin Bezel, Intel Core i7-9750H, NVIDIA GeForce GTX1650, 16GB, 512GB NVMe SSD",/MSI-GF63-Thin-9SC-066-i7-9750H/dp/B07QF66YQB/ref=sr_1_118?dchild=1&keywords=laptop&qid=1619715006&sr=8-118,,amazon
"2021 Newest Lenovo IdeaPad Flex 5 14"" FHD Touch 2-in-1 Convertible Laptop AMD Ryzen 3 Quad-Core 4300U Processor 4GB DDR4 RAM 128GB M.2 NVMe SSD HDMI USB-C Windows 10 Home w/ RE 32GB USB 3.0 Drive",/Lenovo-IdeaPad-Convertible-Quad-Core-Processor/dp/B08ZCMG7ZQ/ref=sr_1_119?dchild=1&keywords=laptop&qid=1619715006&sr=8-119,,amazon
"HP Pavilion X360 Convertible 15.6"" HD WLED-Backlite Touch Screen 2 in 1 Laptop Intel i5-8265U up to 3.9GHz, 8G DDR4, 1TB HDD + 128G SSD, Window 10 Home, Intel UHD Graphic 620, B&O Play, HD Webcam",/HP-Pavilion-Convertible-WLED-Backlite-i5-8265U/dp/B07S1481VV/ref=sr_1_120?dchild=1&keywords=laptop&qid=1619715006&sr=8-120,,amazon
"HP - OMEN Gaming 15.6"" Laptop - AMD Ryzen 7 - 8GB Memory - NVIDIA GeForce GTX 1660 Ti - 512GB SSD - Mica Silver",/HP-Gaming-Laptop-Memory-GeForce/dp/B08JVNZJWT/ref=sr_1_121?dchild=1&keywords=laptop&qid=1619715006&sr=8-121,991,amazon
"Lenovo IdeaPad 3 Laptop 10th Gen i5-1035G1, 14"" HD 1080p, 8GB DDR4, 512GB SSD Win 10 Home- Platinum Grey",/Lenovo-IdeaPad-Laptop-i5-1035G1-Platinum/dp/B08W4PJC8J/ref=sr_1_122?dchild=1&keywords=laptop&qid=1619715006&sr=8-122,,amazon
Newest HP Pavilion Intel Pentium Silver N5000 4GB 128GB SSD Windows 10 Laptop Red,/Newest-HP-Pavilion-Pentium-Windows/dp/B0894DBTRV/ref=sr_1_123?dchild=1&keywords=laptop&qid=1619715006&sr=8-123,,amazon
"ASUS ROG Zephyrus S Ultra Slim Gaming Laptop, 15.6” 144Hz IPS-Type Full HD, GeForce RTX 2080, Intel Core i7-8750H CPU, 16GB DDR4, 512GB PCIe Nvme SSD, Aura Sync RGB, Windows 10 Pro - GX531GX-XS74",/ASUS-Zephyrus-IPS-Type-GeForce-i7-8750H/dp/B07M9SMBRM/ref=sr_1_124?dchild=1&keywords=laptop&qid=1619715006&sr=8-124,,amazon
"MSI WS66 10TMT-207 (i9-10980HK, 64GB RAM, 1TB NVMe SSD, Quadro RTX 5000 16GB, 15.6"" FHD Touch, Windows 10 Pro) VR Ready Workstation Laptop",/WS66-10TMT-207-i9-10980HK-Windows-Workstation/dp/B08B5YLDC9/ref=sr_1_125?dchild=1&keywords=laptop&qid=1619715006&sr=8-125,,amazon
"NewLenovo Thinkpad P17 17.3 Inch FHD Mobile Workstation Laptop Intel Xeon W-10855M with vPro, 32GB RAM,1TB SSD, Quadro T2000 Graphics, Webcam, WiFi, Bluetooth, Fingerprint, Windows 10 Pro",/NewLenovo-Thinkpad-Workstation-Bluetooth-Fingerprint/dp/B08X2NM112/ref=sr_1_126?dchild=1&keywords=laptop&qid=1619715006&sr=8-126,,amazon
"2021 ASUS TUF Dash F15 FX516PM-211.TF15 (i7-11370H, 16GB RAM, 512GB NVMe SSD, RTX 3060 6GB, 15.6"" FHD 144Hz, Windows 10) Gaming Notebook",/FX516PM-211-TF15-i7-11370H-Windows-Gaming-Notebook/dp/B08YN5JR5L/ref=sr_1_127?dchild=1&keywords=laptop&qid=1619715006&sr=8-127,1399,amazon
"Microsoft Surface Laptop 3 – 13.5"" Touch-Screen – Intel Core i5 - 8GB Memory - 256GB Solid State Drive – Matte Black",/Microsoft-Surface-Laptop-Touch-Screen-Memory/dp/B07YNK9T9Z/ref=sr_1_128?dchild=1&keywords=laptop&qid=1619715006&sr=8-128,,amazon
"Lenovo IdeaPad S540 13.3"" Thin and Portable Laptop, QHD IPS 300Nits, Core i5-10210U, Wi-Fi 6, IR Webcam, Backlit Keyboard, USB-C, Intel UHD Graphics, Windows 10 Home, 16GB Memory, 512GB SSD",/Lenovo-IdeaPad-S540-Portable-i5-10210U/dp/B08QDMLTJS/ref=sr_1_129?dchild=1&keywords=laptop&qid=1619715007&sr=8-129,699,amazon
"2021 Newest HP 15.6"" FHD IPS Touchscreen Laptop PC Intel i7-1065G7 Quad-Core Processor 12GB DDR4 RAM 256GB NVMe SSD Intel Iris Plus Graphics Webcam, HDMI Silver Windows 10 Home w/RE 32GB USB 3.0 Drive",/HP-Touchscreen-i7-1065G7-Quad-Core-Processor/dp/B08T5XTQV7/ref=sr_1_130?dchild=1&keywords=laptop&qid=1619715007&sr=8-130,,amazon
"HP Chromebook 14-inch Laptop with 180-Degree Swivel, AMD Dual-Core A4-9120 Processor, 4 GB SDRAM, 32 GB eMMC Storage, Chrome OS (14-db0020nr, Chalkboard Gray)",/HP-Chromebook-180-degree-14-db0020nr-Chalkboard/dp/B07M8QVNKG/ref=sr_1_131?dchild=1&keywords=laptop&qid=1619715007&sr=8-131,,amazon
"2020 Lenovo ThinkPad E15 Gen 2 15.6"" FHD 1080p Business Laptop (AMD 8-Core Ryzen 7 4700U (Beats i7-10710u), 24GB DDR4 RAM, 1TB PCIe SSD) Wi-Fi 6, Webcam, Windows 10 Pro + IST Computers HDMI Cable",/Lenovo-ThinkPad-E15-i7-10710u-Computers/dp/B08J3QDRH6/ref=sr_1_132?dchild=1&keywords=laptop&qid=1619715007&sr=8-132,1219,amazon
"2021 Lenovo IdeaPad 3 15.6"" FHD Business Laptop AMD Ryzen 5 Qud-Core 3500U 20GB DDR4 1TB NVMe SSD AMD Radeon Vega 8 HDMI Webcam Google Classroom Almond Windows 10 Pro w/ RE 32GB USB 3.0 Drive",/Lenovo-IdeaPad-Business-Qud-Core-Classroom/dp/B08T659JF3/ref=sr_1_133?dchild=1&keywords=laptop&qid=1619715007&sr=8-133,,amazon
2020 HP 15.6'' HD LED Display Intel Pentium Gold 6405U 4GB DDR4 RAM 500GB HDD Windows 10 Scarlet Red,/HP-Display-Pentium-Windows-Scarlet/dp/B08KG2R1GK/ref=sr_1_134?dchild=1&keywords=laptop&qid=1619715007&sr=8-134,,amazon
HP 15.6 inch HD LCD Touchscreen Laptop w/ Accessories | Intel Quad Core i5-8265U | 8GB DDR4 | 1TB HDD | HDMI | DVD | Windows 10 | Silver,/HP-Touchscreen-Accessories-i5-8265U-Windows/dp/B086W41TNC/ref=sr_1_135?dchild=1&keywords=laptop&qid=1619715007&sr=8-135,699,amazon
"Newest HP Envy x360 15.6"" FHD IPS Touch-Screen Premium 2-in-1 Laptop | 10th Gen Intel Quad-Core i7-10510U up to 4.9GHz | 32GB RAM | 1024GB SSD | Backlit Keyboard | Fingerprint Reader | Windows 10",/HP-Touch-Screen-Quad-Core-i7-10510U-Fingerprint/dp/B081RR8215/ref=sr_1_136?dchild=1&keywords=laptop&qid=1619715007&sr=8-136,,amazon
"Acer Enduro N3 EN314-51W-53RR Rugged Laptop, 14"" Full HD IPS, 10th Gen Intel Core i5-10210U, 8GB DDR4, 256GB NVMe SSD, Intel Wireless Wi-Fi 6, Fingerprint Reader, Windows 10 Professional",/Acer-EN314-51W-53RR-i5-10210U-Fingerprint-Professional/dp/B08HDJ9SW2/ref=sr_1_137?dchild=1&keywords=laptop&qid=1619715007&sr=8-137,,amazon
"Lenovo IdeaPad Flex 5 2-in-1 Laptop, 14"" Full HD IPS Touch Screen, AMD Ryzen 7 4700U, Webcam, Backlit Keyboard, Fingerprint Reader, USB-C, HDMI, Windows 10 Home, 16GB RAM, 512GB PCIe SSD",/Lenovo-IdeaPad-Flex-Keyboard-Fingerprint/dp/B08SMFZSLQ/ref=sr_1_138?dchild=1&keywords=laptop&qid=1619715007&sr=8-138,712,amazon
"2020 HP 15.6"" Touchscreen Laptop Computer/ 10th Gen Intel Quard-Core i5 1035G1 up to 3.6GHz/ 12GB DDR4 RAM/ 256GB PCIe SSD/ 802.11ac WiFi/ Bluetooth 4.2/ USB 3.1 Type-C/ HDMI/ Silver/ Windows 10 Home",/HP-Touchscreen-Computer-Quard-Core-Bluetooth/dp/B08BMLZKL2/ref=sr_1_139?dchild=1&keywords=laptop&qid=1619715007&sr=8-139,,amazon
HP Laptop Intel Celeron N4020 4GB DDR4 SDRAM 64GB eMMC 14 inch HD LED Display Microsoft 365 1 Year Subscription (White),/HP-Celeron-Display-Microsoft-Subscription/dp/B08JWNVBK2/ref=sr_1_140?dchild=1&keywords=laptop&qid=1619715007&sr=8-140,,amazon
"Dell Precision M5530 Laptop, 15.6 inch FHD (1920x1080) Non-Touch, Intel Core 8th Gen i7-8850H, 32GB RAM, 512GB SSD, NVIDIA Quadro P1000, Windows 10 Pro (Renewed)",/Dell-Precision-M5530-1920x1080-Non-Touch/dp/B07T7YFQSG/ref=sr_1_141?dchild=1&keywords=laptop&qid=1619715007&sr=8-141,,amazon
"MSI WS75 10TM-492 Mobile Workstation i9-10980HK/RTX5000/64G/1T/WIN10PRO, 17-30.99 inches",/MSI-WS75-10TM-492-Workstation-i9-10980HK/dp/B08B9LJJDL/ref=sr_1_142?dchild=1&keywords=laptop&qid=1619715007&sr=8-142,3999,amazon
"MSI GF75 17.3"" Gaming Laptop, i5-10300H, 8GB, 128GB SSD+1TB",/2020-MSI-GF75-Gaming-Laptop/dp/B08F5J26M3/ref=sr_1_143?dchild=1&keywords=laptop&qid=1619715007&sr=8-143,,amazon
2021 Dell Inspiron i3501 15.6” FHD Laptop Intel 11th-Gen i5-1135G7 12GB DDR4 512GB NVMe SSD Intel Iris Xe Graphics HDMI Webcam Bluetooth Wi-Fi RJ-45 Windows 10 Home w/ Ontrend 32GB USB Drive,/Dell-Inspiron-11th-Gen-i5-1135G7-Bluetooth/dp/B09176226X/ref=sr_1_144?dchild=1&keywords=laptop&qid=1619715007&sr=8-144,,amazon
title,link,price, page
Dell latitude e5250 laptop,/elanlar/elektronika/noutbuklar/25381844,549,tapaz
"Noutbuk ""HP Laptop 15-bs165ur (4UK91EA)""",/elanlar/elektronika/noutbuklar/25366888,450,tapaz
"Laptop ""Gaming R54600h1650gtx""",/elanlar/elektronika/noutbuklar/25321378,1699,tapaz
HP Laptop,/elanlar/elektronika/noutbuklar/25270166,780,tapaz
HP Pavilion Gaming Laptop 15-dk1030ur,/elanlar/elektronika/noutbuklar/25245405,2650,tapaz
Laptop Lenovo V15-IIL,/elanlar/elektronika/noutbuklar/25227630,650,tapaz
HP Pavilion Gaming Laptop 15-dk1056wm,/elanlar/elektronika/noutbuklar/25225269,1700,tapaz
Laptop Acer A315-i7-8gb-Nvdia2gb,/elanlar/elektronika/noutbuklar/25210981,1549,tapaz
"Noutbuk ""OMEN Hp Gaming Laptop 15-ek0034ur""",/elanlar/elektronika/noutbuklar/25197940,2799,tapaz
HP Laptop 14-DK1031DX RYZEN 3-3250,/elanlar/elektronika/noutbuklar/25175702,1066,tapaz
HP ENVY Laptop 15-ep0000ur,/elanlar/elektronika/noutbuklar/25136089,2450,tapaz
"RAM ""2Gb DDR2 Laptop PC""",/elanlar/elektronika/komputer-avadanliqi/25119261,15,tapaz
"Noutbuk ""HP Laptop 14 0013DX""",/elanlar/elektronika/noutbuklar/25110398,900,tapaz
HP Pavillion Laptop 15,/elanlar/elektronika/noutbuklar/25005544,1250,tapaz
HP Pavilion Laptop,/elanlar/elektronika/noutbuklar/24978975,1499,tapaz
Laptop Hp Gaming 1660ti512ssd,/elanlar/elektronika/noutbuklar/24967305,2250,tapaz
HP Pavilion Laptop,/elanlar/elektronika/noutbuklar/24954809,1850,tapaz
Lenovo Laptop Flex 5 14IIL05 ( 81X1003RRU-N ),/elanlar/elektronika/noutbuklar/24931502,1879,tapaz
"Noutbuk ""HP Pavilion Laptop 15-eg0079ur (2Y3A7EA)""",/elanlar/elektronika/noutbuklar/24923015,1890,tapaz
Noutbuk HP Pavilion Laptop 15-eh0045ur (2Y4F4EA),/elanlar/elektronika/noutbuklar/24923152,1480,tapaz
"Noutbuk ""Laptop Lenovo v330-14ikb-i5-SSD-Fhd""",/elanlar/elektronika/noutbuklar/24892861,880,tapaz
Laptop masa dəstəyi,/elanlar/elektronika/komputer-aksesuarlari/24869722,39,tapaz
DDR-2 Ramm Notebook ddr2 laptop ram,/elanlar/elektronika/komputer-aksesuarlari/24863898,35,tapaz
"Acer 15.6"" Aspire 5 Series Laptop",/elanlar/elektronika/noutbuklar/24856564,1869,tapaz
HP 15.6 Pavilion 15-eg0079nr Multi-Touch Laptop,/elanlar/elektronika/noutbuklar/24856464,1819,tapaz
"Lenovo 15.6"" IdeaPad 5 Laptop",/elanlar/elektronika/noutbuklar/24856269,1649,tapaz
"""Hoco"" laptop stebdi tutacaq",/elanlar/elektronika/komputer-aksesuarlari/24854418,39,tapaz
"Noutbuk OMEN HP Laptop 15-ek0012ur, (36G00EA)",/elanlar/elektronika/noutbuklar/24836198,2920,tapaz
Razer Blade 15 Gaming Laptop,/elanlar/elektronika/noutbuklar/24831164,3599,tapaz
